party,state,district,incumbent_challenge_full,receipts,disbursements,last,voteshare
REP,AL,1,Open seat,2344516.53,2232543.94,CARL,64.36982451
DEM,AL,1,Open seat,80094.95,78973.24,AVERHART,35.53870698
DEM,AL,2,Open seat,57722.77,57661.16,HARVEY-HALL,34.68272452
REP,AL,5,Incumbent,669026.33,223706.66,BROOKS,95.8108722
DEM,AL,7,Incumbent,2171039.72,1498831.85,SEWELL,97.16396004
REP,AR,1,Incumbent,966801.25,1095517.53,CRAWFORD,100
DEM,CA,7,Incumbent,1830740.69,1126435.93,BERA,56.62391103
REP,CA,3,Challenger,397099.11,384583.7,HAMILTON,45.32622334
DEM,CA,4,Challenger,3022017.35,3018528.82,KENNEDY,44.05459457
REP,CA,6,Challenger,45503.96,45285.82,BISH,26.65674483
REP,CA,7,Challenger,81731.71,67330.19,PATTERSON,43.37608897
DEM,CA,8,Open seat,1878105.57,1876717.93,BUBSER,43.94036261
REP,CA,8,Open seat,2028339.32,1958786.11,OBERNOLTE,56.05963739
REP,CA,9,Challenger,52225,52225,AMADOR,42.41697234
DEM,CA,11,Incumbent,612404.28,442546.73,DESAULNIER,72.99276166
DEM,CA,3,Incumbent,1103806.22,717060.34,GARAMENDI,54.67377666
REP,CA,13,Challenger,9879.41,9943.82,PITERMAN,9.634307008
REP,CA,11,Open seat,186079.34,182994.64,SHARMA,27.00723834
REP,CA,16,Challenger,270292.35,270292.35,COOKINGHAM,40.62169807
REP,CA,17,Challenger,178536.32,178014.57,TANDON,28.65411521
DEM,CA,18,Challenger,777037.01,697543.46,KUMAR,36.8313385
REP,CA,20,Challenger,67734.2,65047.32,GORMAN,23.22381172
DEM,CA,22,Challenger,5175373.02,5146107.01,ARBALLO,45.77376967
DEM,CA,23,Challenger,1688876.58,1683148.6,MANGONE,37.85991023
REP,CA,24,Challenger,1323490.16,1288902.84,CALDWELL,41.3365715
REP,CA,25,Incumbent,10140614.3,9762756.03,GARCIA,50.0491233
DEM,CA,25,Challenger,6112638.83,5943381.18,SMITH,49.9508767
DEM,CA,28,Incumbent,19598362.66,10404171.36,SCHIFF,72.6566706
REP,CA,27,Challenger,39595.21,39170.47,NALBANDIAN,30.22425453
REP,CA,28,Challenger,4134769.7,3839474.24,EARLY,27.3433294
REP,CA,31,Challenger,140886.97,130107.43,GIBBONEY,38.71176368
DEM,CA,27,Incumbent,1220538.13,963130.08,CHU,69.77574547
DEM,CA,37,Incumbent,2233947.37,1220422.5,BASS,85.93997053
DEM,CA,34,Challenger,187704.76,186898.66,KIM,47.02015135
REP,CA,35,Challenger,36373.02,36175.06,CARGILE,30.67003348
REP,CA,36,Challenger,54357.6,53981.04,CRUZ,39.66054965
REP,CA,37,Challenger,176238.94,176111.56,WEBBER,14.06002947
REP,CA,40,Challenger,85014.29,79270.37,DELGADO,27.26082594
REP,CA,46,Challenger,12917,7048.08,WATERS,31.24621491
REP,CA,33,Challenger,100849.8,100974.8,BRADLEY,32.41980086
REP,CA,48,Challenger,6428812.51,6271738.6,STEEL,51.05998481
REP,CA,52,Challenger,433484.35,424649.57,DEBELLO,38.42419198
REP,CO,2,Challenger,100537.58,100537.58,WINN,35.40044564
REP,CO,3,Challenger,2989469.89,2632675.56,BOEBERT,51.39162255
DEM,CO,4,Challenger,380436.73,227963.78,MCCORKLE,36.61175272
DEM,CO,5,Challenger,191001.24,181293.51,FREELAND,37.37219795
REP,CO,7,Challenger,147959.35,147959.35,STOCKHAM,37.59839128
REP,CO,6,Challenger,1255905.78,1253894.25,HOUSE,39.95502574
REP,CT,1,Challenger,26836.46,25118.18,FAY,34.96508102
REP,CT,2,Challenger,80227.41,78767.12,ANDERSON,38.20801585
DEM,CT,3,Incumbent,1956686.38,1813321.99,DELAURO,56.12751117
REP,CT,3,Challenger,2016070.48,2012375.17,STREICKER,38.01411718
REP,CT,4,Challenger,31591.47,17385.2,RIDDLE,36.21325364
REP,CT,5,Challenger,430195.32,430170.44,SULLIVAN,43.48428148
DEM,DC,0,Incumbent,387488.98,359424.69,NORTON,81.88548334
REP,FL,3,Open seat,1136747.13,1104893.66,CAMMACK,57.13996634
DEM,FL,3,Open seat,251860.59,254948.08,CHRISTENSEN,42.86003366
DEM,FL,4,Challenger,1026298.18,1026298.18,DEEGAN,38.90026538
REP,FL,5,Challenger,146944.18,146944.18,ADLER,34.87223012
DEM,FL,6,Challenger,26851.1,24792.35,CURTIS,39.35197873
REP,FL,7,Challenger,1045426.18,1028316.45,VALENTIN,43.24035734
REP,FL,11,Incumbent,692898.61,588603.55,WEBSTER,66.72216691
DEM,FL,8,Challenger,138668.44,138890.25,KENNEDY,38.64715913
REP,FL,9,Challenger,405912.49,402594.3,OLSON,43.96468655
REP,FL,15,Open seat,1665297.83,1639816.94,FRANKLIN,55.38522184
DEM,FL,16,Challenger,3457414.59,3453334.85,GOOD,44.49971528
DEM,FL,24,Incumbent,412591.56,321018.89,WILSON,75.5512053
DEM,AR,2,Challenger,3543886.52,3540156.67,ELLIOTT,44.63418375
REP,AR,3,Incumbent,1128158.85,924120.94,WOMACK,64.30883558
DEM,AR,3,Challenger,356059.69,356059.69,WILLIAMS,31.80888046
DEM,AR,4,Challenger,109767.15,111682.66,HANSON,27.54194921
REP,AZ,4,Incumbent,651498.66,759239.4,GOSAR,69.74058195
DEM,FL,18,Challenger,1674663.15,1670342.93,KEITH,41.5089389
DEM,FL,22,Incumbent,1382551.43,1283607.07,DEUTCH,58.60155052
REP,AZ,2,Challenger,387348.15,387527.04,MARTIN,44.8689687
DEM,FL,19,Open seat,214750.44,203430.45,BANYAI,38.72025624
REP,AZ,3,Challenger,41941.53,42480.94,WOOD,35.42657234
REP,AZ,7,Challenger,28093,17882.67,BARNETT,23.28166429
DEM,AZ,8,Challenger,409500.75,399329.13,MUSCATO,40.43298056
REP,GA,2,Challenger,165296.14,163543.92,COLE,40.88135544
DEM,GA,3,Challenger,40761.87,36946.44,ALMONORD,34.95440566
DEM,GA,5,Challenger,558266.91,367104.2,WILLIAMS,85.14934993
REP,GA,14,Open seat,3069208.94,2709892.97,GREENE,74.71011784
DEM,GA,9,Open seat,84431.36,84782.17,PANDY,21.41931085
REP,GA,9,Open seat,1933971.19,1925862.71,CLYDE,78.58068915
DEM,GA,11,Challenger,404625.2,394976.88,BARRETT,39.57381702
DEM,GA,12,Challenger,72360.98,72360.98,JOHNSON,41.61928932
REP,GA,13,Challenger,63879.77,63306.05,HITES,22.59569252
DEM,HI,2,Open seat,1253138.86,1059752.97,KAHELE,57.87142009
REP,HI,2,Open seat,54533.78,55343.86,AKANA,28.35148595
REP,GA,10,Incumbent,600996.55,462698.35,HICE,62.31007858
REP,GA,7,Open seat,2714679.62,2681727.04,MCCORMICK,48.60874809
REP,GA,8,Incumbent,836255.71,730669.43,SCOTT,64.51058884
DEM,GA,8,Challenger,7480.4,5220,HOLLIDAY,35.4738274
DEM,IA,2,Open seat,4262215.2,4143623.13,HART,47.57566022
REP,IA,4,Challenger,1907336.43,1895390.16,FEENSTRA,59.1212842
DEM,ID,1,Challenger,305168.95,305168.95,SOTO,28.64955863
REP,IL,1,Challenger,6288.6,5047.85,WHITE,26.15225622
REP,IL,3,Challenger,128457.99,127979.6,FRICILONE,43.62127177
DEM,IL,5,Incumbent,1172557.2,927704.61,QUIGLEY,70.76709728
REP,IL,6,Challenger,3266599.58,3244293.04,IVES,45.43356714
DEM,IL,16,Challenger,448432.79,436823.19,BRZOZOWSKI,35.28310647
REP,IL,17,Challenger,2058085.15,2055793.65,KING,47.97112323
REP,IL,10,Challenger,1140245,1074784.26,MUKHERJEE,36.11593252
REP,IL,16,Incumbent,2115266.99,1598081.23,KINZINGER,64.7148235
REP,IL,11,Challenger,20931.67,20064.12,LAIB,36.69988321
DEM,IL,12,Challenger,162489.4,162711.58,LENZI,39.56906605
REP,IL,15,Open seat,700256.95,581556.22,MILLER,73.44605494
DEM,IL,15,Open seat,58744.21,32133.75,WEAVER,26.55394506
DEM,IN,5,Open seat,4019766.56,4008303.05,HALE,45.94282914
REP,IN,5,Open seat,3270606.27,3161481.86,SPARTZ,50.02378516
REP,IN,7,Challenger,62905.1,59843.39,SMITH,37.56476317
DEM,IN,1,Open seat,590634.89,476407.3,MRVAN,56.63897623
REP,IN,1,Challenger,16560.66,15352.99,LEYVA,40.44893989
DEM,IN,3,Challenger,97264.43,93091.48,COLDIRON,32.16014686
REP,KS,1,Open seat,1558492.67,1282295.54,MANN,71.15972142
DEM,KS,1,Open seat,606922.34,596810.83,BARNETT,28.84027858
REP,KS,2,Challenger,1606573.31,1591626.35,LATURNER,55.14591975
REP,IN,8,Incumbent,1056939.69,1084250.52,BUCSHON,66.94685559
DEM,IN,8,Challenger,68734.44,68480.01,MARSILI,29.84589089
DEM,IN,9,Challenger,149769.7,136412.35,RUFF,34.13733365
REP,KY,3,Challenger,46602.15,46126.3,PALAZZO,37.33390927
DEM,KY,4,Challenger,166562.61,155997.49,OWENSBY,32.9132125
REP,KY,5,Incumbent,671229.61,842842.86,ROGERS,84.20780615
REP,KY,6,Incumbent,4611245.23,4391220.43,BARR,57.32540626
DEM,KY,6,Challenger,2993050.23,2992345.39,HICKS,40.95943982
REP,LA,1,Incumbent,38160641.59,33728421.42,SCALISE,72.20950453
REP,KS,3,Challenger,2226109.6,2183399.98,ADKINS,43.55876204
DEM,LA,4,Challenger,34227.26,33957.32,HOUSTON,25.49334916
DEM,LA,5,Open seat,99229.8,99229.8,CHRISTOPHE,11.6785033
DEM,LA,3,Challenger,23006.09,15129.93,HARRIS,17.89133247
REP,LA,5,Open seat,179902.87,179834.96,ROBINSON,5.490128479
REP,LA,5,Open seat,711205,688082.9,HARRIS,29.90737549
REP,LA,5,Open seat,1395022.1,1305957.25,LETLOW,34.28784849
REP,MA,9,Challenger,28633.2,24135.31,BRADY,34.89002228
DEM,MA,9,Incumbent,708829.96,652597.95,KEATING,58.86482635
DEM,LA,5,Open seat,29481,28077.43,SNOWDEN,2.167827346
DEM,LA,6,Challenger,111315.7,98113.62,WILLIAMS,25.54599514
REP,MD,2,Challenger,68320,66895.4,SALLING,32.03213001
REP,FL,20,Challenger,28955.28,27537.64,MUSSELWHITE,21.32322609
DEM,MA,4,Challenger,2873219.33,2415437.25,AUCHINCLOSS,57.78663531
REP,MD,5,Challenger,47061.87,45695.38,PALOMBI,30.97114374
REP,MA,4,Challenger,136603.34,134377.95,HALL,36.93022164
REP,MA,5,Challenger,152301.77,150639.05,COLARUSSO,24.51816891
REP,MA,6,Challenger,305377.62,304261.04,MORAN,33.29731712
REP,MD,6,Challenger,316836.29,262158.57,PARROTT,39.18823035
REP,MD,7,Challenger,8299807.84,7502416.95,KLACIK,28.0439761
REP,MI,2,Incumbent,2211927.61,1920126.16,HUIZENGA,59.19721659
DEM,MI,2,Challenger,751623.64,669911.7,BERGHOEF,38.22024714
REP,MI,3,Challenger,3501196.66,3412997.79,MEIJER,52.95957801
DEM,MI,3,Challenger,3840545.09,3813354.85,SCHOLTEN,47.04017411
REP,MD,8,Challenger,30970.71,27352.25,COLL,31.58285604
REP,ME,1,Challenger,79584.69,69853.31,ALLEN,36.833705
REP,ME,2,Challenger,1283275.33,1279586.58,CRAFTS,46.07334799
REP,MI,5,Challenger,72426.67,72426.67,KELLY,41.76139511
DEM,MI,1,Challenger,352457.62,346033.18,FERGUSON,36.83829907
DEM,MI,6,Challenger,3135517.64,3117392.52,HOADLEY,40.13008602
REP,MI,8,Challenger,2112467.47,2101990.08,JUNGE,47.28092374
DEM,MI,7,Challenger,1762854.4,1762854.4,DRISKELL,41.24880251
REP,FL,21,Challenger,2286934.81,2256020.15,LOOMER,39.10065419
REP,MI,10,Open seat,2485337.08,2437181.42,MCCLAIN,66.28020479
REP,MI,14,Challenger,39670.45,41973.26,PATRICK,18.30658802
REP,MI,11,Challenger,1406412.29,1399308.51,ESSHAKI,47.81751626
REP,MN,1,Incumbent,2423319.48,2343279.86,HAGEDORN,48.59186241
REP,MN,2,Challenger,3053799.7,3019788.03,KISTNER,45.92426127
REP,MN,5,Challenger,12195123.85,12145455.75,JOHNSON,25.8338795
REP,MN,3,Challenger,1889619.35,1776906.92,QUALLS,44.32454244
DEM,MO,2,Challenger,4870302.34,4849789,SCHUPP,45.51928572
REP,MN,7,Challenger,2646134.94,2608185.58,FISCHBACH,53.39154885
REP,MO,4,Incumbent,1708431.08,1343060.47,HARTZLER,67.59169432
DEM,MO,4,Challenger,401749.9,390437.54,SIMMONS,29.66491748
REP,FL,22,Challenger,278998.83,278998.83,PRUDEN,41.39844948
REP,MO,5,Challenger,76947.69,76947.69,DERKS,38.57049627
DEM,MS,1,Challenger,22530.86,18424.09,ELIASON,31.25287339
REP,MO,6,Incumbent,1960690.42,1655930.34,GRAVES,67.06145228
REP,MS,4,Incumbent,827661.5,758749.1,PALAZZO,100
DEM,MO,6,Challenger,10170.21,10530.02,ROSS,30.8274945
REP,MO,7,Incumbent,1337163.2,1534977.2,LONG,68.86804971
DEM,NC,8,Challenger,3934273.49,3931198.45,TIMMONS-GOODSON,46.71624338
DEM,NC,2,Open seat,2291722.62,1840264.49,ROSS,62.96359103
REP,NC,9,Incumbent,4411122.74,4350726.69,BISHOP,55.5920955
REP,NC,2,Open seat,119670.7,119441.48,SWAIN,34.83309612
REP,NC,1,Challenger,1703668.95,1683098.91,SMITH,45.82322198
REP,NC,3,Incumbent,1874948.63,1612717.53,MURPHY,63.38401112
DEM,NC,9,Challenger,825709.6,808399.89,WALLACE,44.4079045
DEM,NC,10,Challenger,32121.46,32121.46,PARKER,31.09240232
DEM,NC,11,Open seat,2279697.25,2176405.43,DAVIS,42.34391141
REP,NC,11,Open seat,4718101.59,4612370.54,CAWTHORN,54.50488176
DEM,NE,1,Challenger,1149035.36,1145896.56,BOLZ,37.66839019
REP,FL,23,Challenger,947208.87,931190.64,SPALDING,41.78739387
REP,NC,6,Open seat,73878.49,58341.56,HAYWOOD,37.72710861
REP,NH,1,Challenger,1766753.67,1758300.07,MOWERS,46.21338239
DEM,NH,2,Incumbent,3045110.35,3055351.43,KUSTER,53.89930158
REP,NJ,3,Challenger,1558168.65,1555148.13,RICHTER,45.47111603
DEM,NJ,2,Challenger,5048012.05,5042549.44,KENNEDY,46.16926971
DEM,NJ,4,Challenger,801745.25,760175.5,SCHMID,38.27338536
REP,NJ,9,Challenger,44268.95,35075.01,PREMPEH,31.86288129
REP,NJ,5,Challenger,2100505.21,2077177.03,PALLOTTA,45.63658424
REP,NJ,12,Challenger,3065.2,1142.41,RAZZOLI,32.57971427
REP,FL,24,Challenger,39625.3,39561.16,SPICER,20.399257
REP,NJ,11,Challenger,1698564.62,1697769.2,BECCHI,46.69632981
DEM,NY,1,Challenger,7941633.19,7936371.58,GOROFF,21.64483014
REP,NM,3,Open seat,156175.45,156175.45,JOHNSON,18.31546229
DEM,NY,2,Open seat,4380059.16,4362662.68,GORDON,23.21791509
REP,NY,2,Open seat,1796629.64,1664775.69,GARBARINO,25.36634664
DEM,NV,2,Challenger,460835.25,460921.44,ACKERMAN,40.70838549
REP,NV,3,Challenger,3152055.95,3131213.48,RODIMER,45.76970272
REP,NY,4,Challenger,136166.18,132223.76,TUMAN,36.24767866
REP,FL,26,Challenger,2245735.18,2206564.28,GIMENEZ,51.72430902
REP,NV,4,Challenger,1594081.93,1550714.52,MARCHANT,45.80396969
REP,NY,6,Challenger,135303.4,133178.45,ZMICH,27.14905829
DEM,NY,15,Open seat,2220924,1831234.32,TORRES,84.6797033
REP,NY,10,Challenger,49974.75,28384.03,BERNSTEIN,21.11334002
REP,NY,11,Challenger,3506503.67,3483560.24,MALLIOTAKIS,47.59234248
DEM,NY,16,Challenger,2915373.03,2837899.07,BOWMAN,82.11343306
REP,NY,13,Challenger,41348.2,41348.2,GWINN,7.420033229
DEM,NY,17,Open seat,3005459.76,2207871.28,JONES,53.3816348
REP,NY,14,Challenger,11208556.71,11015378.43,CUMMINGS,23.46798682
REP,NY,25,Challenger,301375.86,279047.05,MITRIS,31.55886188
REP,NY,18,Challenger,1186824.4,1152738.15,FARLEY,36.09706519
REP,NY,27,Incumbent,2152683.96,2089854.64,JACOBS,48.40792484
REP,NY,20,Challenger,380630.31,346623.66,JOY,32.71471579
REP,NY,23,Incumbent,3333083.36,3202933.44,REED,49.94521859
DEM,OH,1,Challenger,4072743.29,4072238.34,SCHRODER,44.64798785
DEM,OK,1,Challenger,194355.24,210928.26,ASAMOA-CAESAR,32.68270581
DEM,OK,2,Challenger,42022.71,42015.27,LANIER,21.99863444
REP,OK,5,Challenger,3779470.46,3567879.35,BICE,52.06237309
DEM,OH,2,Challenger,292439.94,279714.21,CASTLE,38.90835737
DEM,OH,5,Challenger,255725.13,253828.84,RUBANDO,32.00213767
REP,OH,6,Incumbent,1865287.47,1852524.89,JOHNSON,74.41358937
DEM,OH,7,Challenger,13895.81,13895.81,POTTER,29.17452339
REP,OH,9,Challenger,134898.16,123262.38,WEBER,36.9127628
DEM,OH,10,Challenger,2069987.75,2053237.92,TIMS,41.643193
REP,OH,11,Challenger,164412.46,164194.91,GORE,19.94669682
REP,OR,2,Open seat,1452634.25,1363581.04,BENTZ,59.86341169
DEM,OR,2,Open seat,25854.68,25524.55,SPENSER,36.91928654
REP,PA,4,Challenger,1033900.56,918151.56,BARNETTE,40.47255395
REP,PA,5,Challenger,108445.69,85736.53,PRUETT,35.30325453
REP,PA,6,Challenger,808984.84,801516.01,EMMONS,43.94577761
REP,PA,8,Challenger,1540748.56,1407261.66,BOGNET,48.22259131
DEM,PA,10,Challenger,4546246.6,4538350.26,DEPASQUALE,46.68762792
DEM,PA,11,Challenger,28733.44,23458.48,HAMMOND,36.8763699
REP,PA,12,Incumbent,1563479.87,1087700.69,KELLER,70.84388979
REP,OR,3,Challenger,17681,14502.36,HARBOUR,23.50023167
REP,OR,4,Challenger,5462320.88,5338964.33,SKARLATOS,46.20027581
REP,OR,5,Challenger,232124.96,221541.97,COURSER,45.15051497
DEM,PA,1,Challenger,2377879.72,2370813.92,FINELLO,43.44218312
DEM,PA,12,Challenger,62320.92,61042.22,GRIFFIN,29.15611021
DEM,PA,13,Challenger,60348.4,67527.28,ROWLEY,26.51255073
DEM,PA,14,Challenger,60402.94,45959.25,MARX,35.30540737
DEM,PA,16,Challenger,593634.9,588883.83,GNIBUS,40.66148849
REP,PA,17,Challenger,3991543.49,3788168.77,PARNELL,48.85291701
DEM,RI,1,Incumbent,1587329.92,1755649.21,CICILLINE,70.82551595
REP,PA,18,Challenger,64885.2,58837.12,NEGRON,30.75183411
DEM,SC,4,Challenger,168860.28,168543.26,NELSON,36.89446679
DEM,RI,2,Incumbent,1108481.77,1428507.99,LANGEVIN,58.24302513
DEM,SC,5,Challenger,487658.58,484305.45,BROWN,39.85687685
REP,RI,2,Challenger,56749.2,49076.66,LANCIA,41.53887442
DEM,SC,7,Challenger,150747.75,150747.75,WATSON,38.13964091
REP,SC,1,Challenger,5873153.58,5813666.36,MACE,50.58216716
DEM,TN,1,Open seat,185084.45,177548,WALSINGHAM,22.46621898
DEM,SC,2,Challenger,2537935.85,2535073.49,BOROUGHS,42.58967917
REP,SC,3,Incumbent,1527352.26,1289577.88,DUNCAN,71.21391997
REP,TN,1,Open seat,2128671.5,1870825.67,HARSHBARGER,74.70982866
REP,TN,3,Incumbent,1057453.39,387211.2,FLEISCHMANN,67.30305121
DEM,TN,3,Challenger,86664.43,78581.05,GORMAN,30.49869029
DEM,OH,12,Challenger,1040754.24,1032453,SHEARER,41.7771756
REP,TN,4,Incumbent,332278.55,393313.56,DESJARLAIS,66.66527658
DEM,TN,7,Challenger,206644.28,207190.98,SREEPADA,27.33298159
DEM,TX,2,Challenger,3894082.83,3886672.48,LADJEVARDIAN,42.79286814
DEM,TX,3,Challenger,1654380.18,1654038.39,SEIKALY,42.87192032
DEM,TX,1,Challenger,803627.69,790612.07,GILBERT,27.42136869
REP,TX,4,Challenger,257176.31,95067.54,FALLON,75.1435008
DEM,TX,5,Challenger,318997.93,290261.65,SALTER,35.92665105
DEM,TX,6,Challenger,681820.75,678986.91,DANIEL,43.9804466
DEM,TX,11,Open seat,138321.63,135733.05,HOGG,18.29984269
REP,TX,11,Open seat,2598806.26,2004399.77,PFLUGER,79.70854054
REP,TX,7,Challenger,7611866.36,7387924.47,HUNT,47.45053721
DEM,TX,8,Challenger,17407.28,15160.97,HERNANDEZ,25.46833616
DEM,TX,12,Challenger,122470.75,122387.97,WELCH,33.03625678
REP,TX,9,Challenger,89965.31,88365.87,TEAGUE,21.63836112
DEM,TX,13,Open seat,22825.91,18820.36,TRUJILLO,18.45540167
REP,TX,16,Challenger,171496.53,156171,ARMENDARIZ-JACKSON,35.27973996
REP,TX,13,Open seat,2151194.43,1764055.19,JACKSON,79.38488088
DEM,OH,14,Challenger,580130.41,574898.98,MUERI,39.90086803
REP,TX,18,Challenger,308539.5,274172.2,CHAMPION,23.50513376
REP,TX,22,Open seat,1818077.11,1798160.47,NEHLS,51.52800651
DEM,TX,24,Open seat,4945025.58,4933058.54,VALENZUELA,47.47559015
DEM,TX,26,Challenger,121500.58,121500.58,IANNUZZI,37.25206205
DEM,TX,19,Challenger,49404.55,60805.62,WATSON,22.85702428
DEM,TX,21,Challenger,10428476.26,10366864.91,DAVIS,45.35096419
DEM,TX,31,Challenger,1242168.22,1242218.22,IMAM,44.28838081
REP,TX,30,Challenger,311551.27,305887.93,PENNIE,18.40893278
REP,TX,32,Challenger,6014678.85,6006854.31,COLLINS,45.93336379
REP,TX,33,Challenger,36691.69,25584.96,VASQUEZ,25.15005774
REP,TX,23,Open seat,2882972.22,2851613.33,GONZALES,50.56404147
REP,TX,35,Challenger,19011.1,14442.45,SHARON,29.94658947
DEM,TX,36,Challenger,21714.39,12277.65,LEWIS,24.26648245
REP,UT,1,Open seat,863677.31,835315.33,MOORE,69.51578935
DEM,UT,1,Open seat,44801.24,44486.63,PARRY,30.43484611
REP,VA,7,Challenger,3670266.03,3640943.04,FREITAS,48.99931549
REP,VA,8,Challenger,103259.95,103259.95,JORDAN,23.97641705
REP,VA,9,Incumbent,877151.28,467455.47,GRIFFITH,93.97699067
REP,VA,10,Challenger,1574329.92,1419877.44,ANDREWS,43.37182943
REP,VA,11,Challenger,282152.23,268325.5,ANANTATMULA,28.323598
DEM,WA,2,Incumbent,1284956.04,1227913.57,LARSEN,63.08780567
DEM,WI,1,Challenger,547347.46,537550.56,POLACK,40.61440583
REP,WI,5,Open seat,1157204.78,969889.59,FITZGERALD,60.10747307
DEM,WI,6,Challenger,295057.07,252835.16,KING,40.72044688
REP,WI,7,Incumbent,2652454.74,2529735.4,TIFFANY,60.73343341
DEM,WI,7,Challenger,1276509.66,1247242.62,ZUNKER,39.21403735
DEM,WI,8,Challenger,424558.24,407495.73,STUCK,35.79329788
REP,WV,1,Incumbent,1094784.26,1088038.52,MCKINLEY,68.96145925
DEM,WV,1,Challenger,81202.99,82052.28,CLINE,31.01637991
DEM,WV,2,Challenger,649360.28,649360.28,KUNKEL,36.92352213
DEM,WV,3,Challenger,99214.31,98768.58,TURNER,28.64409621
REP,AL,3,Incumbent,1202888.07,1228340.4,ROGERS,67.46153416
DEM,CA,2,Incumbent,923478.05,821812.64,HUFFMAN,75.73793263
DEM,UT,2,Challenger,345606.41,307704.78,WESTON,36.63275216
DEM,UT,3,Challenger,192299.61,191088.2,THORPE,26.7650525
REP,UT,4,Challenger,5149325.14,5068995.95,OWENS,47.69675895
DEM,VA,1,Challenger,1592852.54,1592852.54,RASHID,41.70731272
REP,VA,2,Challenger,2517871,2511988.95,TAYLOR,45.80669873
DEM,VA,5,Challenger,5787797.38,5782803.89,WEBB,47.30473731
REP,VA,5,Challenger,1379028.99,1328692.64,GOOD,52.44322263
DEM,VA,6,Challenger,59690.44,57705.36,BETTS,35.28664556
REP,WA,2,Challenger,49478.22,49322.02,HAZELO,36.67442746
DEM,WA,5,Challenger,112782.51,112782.51,WILSON,38.51444258
REP,WA,6,Challenger,156123.45,145108.01,KREISELMAIER,40.45458468
DEM,WA,1,Incumbent,2189500.94,1903677.43,DELBENE,58.55381833
REP,WA,8,Challenger,857594.08,847466.89,JENSEN,48.1478336
DEM,WA,10,Open seat,1834687.52,1802661.97,STRICKLAND,49.33417938
DEM,WA,10,Open seat,1483736.39,1483736.39,DOGLIO,35.55743566
DEM,AZ,3,Incumbent,879340.53,691287.6,GRIJALVA,64.57342766
DEM,CA,47,Incumbent,683348.24,859602.01,LOWENTHAL,63.27187949
DEM,CA,26,Incumbent,2013696.47,1351678.67,BROWNLEY,60.58485843
REP,CA,1,Incumbent,1243064.68,1179453.85,LAMALFA,56.99444263
DEM,CA,36,Incumbent,2467107.76,1796926.6,RUIZ,60.33945035
REP,CA,42,Incumbent,1444950.91,1552252.09,CALVERT,57.13237711
DEM,CT,2,Incumbent,967876.68,1002505.23,COURTNEY,56.43247393
DEM,FL,10,Incumbent,1883240.22,1198213.25,DEMINGS,63.61209043
DEM,FL,20,Incumbent,610001.64,545668.06,HASTINGS,78.67677391
REP,FL,25,Incumbent,1597458.73,811378.83,DIAZ-BALART,100
REP,GA,12,Incumbent,1232199.41,666047.82,ALLEN,58.38071068
DEM,CA,15,Incumbent,2942935.7,4113000.86,SWALWELL,70.90466617
REP,CA,21,Challenger,4095745.97,4018834.44,VALADAO,50.44676929
DEM,CA,31,Incumbent,2529487.62,1915174.22,AGUILAR,61.28823632
DEM,CA,40,Incumbent,749181.71,750770.04,ROYBAL-ALLARD,72.73917406
DEM,CA,41,Incumbent,1033949.78,962988.6,TAKANO,64.03019351
DEM,CA,51,Incumbent,799734.22,801670.85,VARGAS,68.30475546
DEM,CA,52,Incumbent,1940163.42,2160221.77,PETERS,61.57580802
DEM,FL,21,Incumbent,1556088.5,1330992.97,FRANKEL,59.02484042
DEM,HI,1,Incumbent,606355.5,570675.23,CASE,64.65766669
DEM,IL,1,Incumbent,545760.47,500779.36,RUSH,73.80068466
DEM,IL,2,Incumbent,1639545.16,1112899.55,KELLY,78.81411095
REP,KY,4,Incumbent,1464744.63,1570704.21,MASSIE,67.0867875
DEM,MD,5,Incumbent,4608825.11,4363890.74,HOYER,68.75205283
DEM,MI,5,Incumbent,1677147.06,1511290.07,KILDEE,54.45472977
DEM,MN,7,Incumbent,2734418.97,2887984.21,PETERSON,39.84846359
REP,NV,2,Incumbent,1080122.16,1048739.27,AMODEI,56.46544177
DEM,NY,6,Incumbent,1296240.64,1876468.17,MENG,57.77677129
DEM,NY,8,Incumbent,4201480.15,3325840.58,JEFFRIES,72.48359494
DEM,NY,13,Incumbent,1090539.1,1256042.26,ESPAILLAT,75.93138649
DEM,NY,12,Incumbent,3069723.16,3061751.82,MALONEY,78.90168681
REP,OH,2,Incumbent,1801573.27,1764297.55,WENSTRUP,61.08183476
REP,OH,10,Incumbent,1765007.79,1748901.36,TURNER,58.356807
DEM,OH,3,Incumbent,2238648.69,2551301.54,BEATTY,70.82705268
DEM,GA,13,Incumbent,1228393.21,1142722.37,SCOTT,77.38739039
DEM,IL,10,Incumbent,3610180.42,3024001.68,SCHNEIDER,63.8746
REP,IL,13,Incumbent,5011860.29,4891001.05,DAVIS,54.46293177
DEM,IL,17,Incumbent,5063556.19,6479373.11,BUSTOS,52.02187432
DEM,MA,8,Incumbent,911202.1,1140250.06,LYNCH,71.72035198
DEM,MD,2,Incumbent,1023775.59,938293.93,RUPPERSBERGER,67.71638366
DEM,MI,14,Incumbent,1087214.74,792122.01,LAWRENCE,79.27771594
REP,MO,2,Incumbent,5653505.76,6568319.89,WAGNER,51.88784639
REP,NC,7,Incumbent,1642500.38,1052924.78,ROUZER,60.24727559
REP,NC,8,Incumbent,4181801.44,4404937.99,HUDSON,53.28375662
DEM,NV,4,Incumbent,3516730.34,3048784.98,HORSFORD,50.66848338
DEM,NY,10,Incumbent,1858773.82,1960859.83,NADLER,62.67595891
DEM,NY,18,Incumbent,2607624.75,1769856.47,MALONEY,47.98201997
DEM,OH,9,Incumbent,1097894.5,987297.77,KAPTUR,63.07431268
REP,OH,14,Incumbent,2942391.5,2526144.67,JOYCE,60.09913197
DEM,OR,1,Incumbent,961897.39,867300.6,BONAMICI,64.59483495
DEM,PA,8,Incumbent,3955709.11,4214642.61,CARTWRIGHT,51.77740869
DEM,OH,13,Incumbent,1991087.32,2089544.91,RYAN,52.48805173
REP,OK,2,Incumbent,1670650.65,1088383.88,MULLIN,75.04011756
REP,OK,4,Incumbent,1816062.45,1757230.27,COLE,67.78768156
REP,PA,10,Incumbent,4020493.92,3905339.93,PERRY,53.31237208
DEM,SC,6,Incumbent,3447751.06,2372934.32,CLYBURN,68.17709466
REP,SC,2,Incumbent,1686288.77,1762180.03,WILSON,55.65805911
DEM,TN,5,Incumbent,939747.01,1335308.99,COOPER,99.99444817
REP,SC,7,Incumbent,1415987.79,1252457.81,RICE,61.79581478
DEM,OH,15,Challenger,56016.96,56016.96,NEWBY,36.56683909
REP,TX,17,Open seat,1485908.61,1696588.07,SESSIONS,55.85046583
REP,TN,8,Incumbent,1718361.51,1076429.64,KUSTOFF,68.46887025
DEM,TX,30,Incumbent,591095.55,496546.98,JOHNSON,77.4880513
REP,OH,7,Incumbent,791888.23,453928.25,GIBBS,67.4961275
REP,TX,25,Incumbent,2446005.09,3358150.96,WILLIAMS,55.92760779
REP,TX,26,Incumbent,1827226.5,2102029.75,BURGESS,60.60941892
DEM,TX,34,Incumbent,993228.15,1034382.25,VELA,55.43484209
REP,TX,31,Incumbent,2168867.75,2223167.18,CARTER,53.43330227
DEM,WA,6,Incumbent,2557718.74,2564803.41,KILMER,59.30477259
DEM,CA,9,Incumbent,1193511.31,1128095.71,MCNERNEY,57.58302766
DEM,CA,17,Incumbent,3917727.13,2535202.22,KHANNA,71.34588479
DEM,CA,19,Incumbent,1795701.51,1771845.87,LOFGREN,71.68231494
DEM,CA,16,Incumbent,2146774.73,1846494.42,COSTA,59.37830193
DEM,CA,43,Incumbent,1876832.19,1949929.14,WATERS,71.68457492
REP,CO,4,Incumbent,479682.07,540091.76,BUCK,60.11403747
DEM,FL,15,Open seat,2353501.24,2320645.03,COHN,44.61477816
REP,GA,11,Incumbent,899982.15,723065.86,LOUDERMILK,60.42618298
REP,IA,3,Challenger,3215369.8,3139878.92,YOUNG,46.22200329
REP,IL,12,Incumbent,1948780.91,1540312.3,BOST,60.43093395
DEM,TX,28,Incumbent,2752019.23,3747550.47,CUELLAR,58.29870592
REP,UT,2,Incumbent,951886.52,929210.17,STEWART,59.00136637
DEM,WI,2,Incumbent,1293769.38,1017815.48,POCAN,69.66743583
REP,AL,6,Incumbent,919678.33,921541.75,PALMER,97.12996128
REP,AR,2,Incumbent,3423234.37,3059235.64,HILL,55.36581625
REP,AR,4,Incumbent,1428508.39,1123311.93,WESTERMAN,69.67004199
REP,AZ,6,Incumbent,2298670.48,2283320.82,SCHWEIKERT,52.17271523
DEM,AZ,7,Incumbent,1826462.48,1668669.29,GALLEGO,76.69330466
DEM,CA,33,Incumbent,1680669.1,1601806.11,LIEU,67.58019914
DEM,CA,35,Incumbent,657184.72,667057.26,TORRES,69.32996652
REP,CA,45,Challenger,1412756.96,1408703.47,RATHS,46.53599686
REP,GA,1,Incumbent,2347613.19,1766880.02,CARTER,58.34922004
DEM,IL,7,Incumbent,549990.33,510806.2,DAVIS,80.41292628
REP,LA,6,Incumbent,1782976.83,1240249.26,GRAVES,71.04514487
DEM,MA,2,Incumbent,1056341.59,1093204.78,MCGOVERN,63.4012038
DEM,MA,6,Incumbent,1318518.23,1830882.51,MOULTON,63.27738668
REP,MI,4,Incumbent,1534896.16,1042443.69,MOOLENAAR,65.00314807
DEM,MA,5,Incumbent,1815927.75,1542098.78,CLARK,71.22584797
DEM,TX,33,Incumbent,1639811.54,1631328.46,VEASEY,66.82296359
REP,MI,7,Incumbent,2316783.53,1601506.36,WALBERG,58.75119749
REP,MN,6,Incumbent,2845770.03,2579116.7,EMMER,65.70371107
DEM,TX,20,Incumbent,705568.45,718441.75,CASTRO,64.67053039
DEM,MO,5,Incumbent,1415880.41,950093.63,CLEAVER,58.78614193
DEM,MI,12,Incumbent,1633275.73,1692360.02,DINGELL,66.42567017
DEM,MS,2,Incumbent,1379891.97,1099404.11,THOMPSON,66.01667373
DEM,NJ,1,Incumbent,2236982.06,1102256.91,NORCROSS,62.48006649
REP,MT,0,Open seat,4034800.46,3848139.8,ROSENDALE,56.38635498
DEM,NC,1,Incumbent,1040201.15,887752.32,BUTTERFIELD,54.17677802
REP,NC,5,Incumbent,1877434.13,1963676,FOXX,66.92978995
REP,MO,8,Incumbent,1902371.34,1516929.93,SMITH,76.85978693
REP,NC,10,Incumbent,2792231.87,2351361.46,MCHENRY,68.90759768
DEM,NC,12,Incumbent,841868.49,669626.72,ADAMS,100
REP,NE,1,Incumbent,1479931.94,2465446.06,FORTENBERRY,59.51707677
DEM,NJ,12,Incumbent,806729.36,848941.86,COLEMAN,65.64304499
REP,NJ,1,Challenger,36519.78,21761.17,GUSTAFSON,37.51993351
DEM,NY,4,Incumbent,1124280.24,1228432.21,RICE,51.8842123
DEM,NY,26,Incumbent,1128729.72,988667.46,HIGGINS,59.90170099
DEM,NY,9,Incumbent,1215128.7,1205204.66,CLARKE,68.11058689
REP,NY,21,Incumbent,13349928.94,11718616.84,STEFANIK,52.08248283
REP,NY,22,Challenger,3126230.61,2800346.36,TENNEY,43.87784474
REP,NY,24,Incumbent,3839114.1,3615240.79,KATKO,44.30778755
REP,TX,1,Incumbent,564861.28,592388.13,GOHMERT,72.57863131
DEM,TX,9,Incumbent,476563.73,502385.88,GREEN,75.48350771
DEM,TX,35,Incumbent,1337508.73,425736.96,DOGGETT,65.37248376
REP,TX,10,Incumbent,3873477.95,3927931.12,MCCAUL,52.48107003
DEM,WI,4,Incumbent,1199156.96,1181900.52,MOORE,74.64556925
REP,WI,6,Incumbent,1829916.45,1750819.12,GROTHMAN,59.22500762
REP,WV,2,Incumbent,2155977.5,859927.11,MOONEY,63.07647787
REP,OK,3,Incumbent,881729.37,1045125.94,LUCAS,78.49103106
DEM,TX,18,Incumbent,924480.02,838413.51,LEE,73.29107515
REP,WA,4,Incumbent,1184750.4,1002461.07,NEWHOUSE,66.20782735
REP,WA,9,Challenger,22729.8,18521.68,BASLER,25.69746455
REP,AK,0,Incumbent,1950289.86,1817836.79,YOUNG,54.40120057
REP,AL,4,Incumbent,1283402.11,1352138.08,ADERHOLT,82.24187102
REP,AZ,9,Challenger,130480.29,129934.54,GILES,38.37353878
DEM,CA,6,Incumbent,1023901.06,1077824.78,MATSUI,73.34325517
REP,AZ,5,Incumbent,1704233.12,1338431.77,BIGGS,58.88250381
DEM,CA,20,Incumbent,2013939.46,1596716.42,PANETTA,76.77618828
REP,CA,23,Incumbent,28663630.1,25148569.55,MCCARTHY,62.14008977
DEM,CA,30,Incumbent,1514134.26,1112586.37,SHERMAN,69.48278258
DEM,CA,24,Incumbent,2156444.85,1490230.52,CARBAJAL,58.6634285
DEM,CA,46,Incumbent,1208554.85,666547.19,CORREA,68.75378509
REP,CO,5,Incumbent,601762.36,390060.58,LAMBORN,57.58764312
DEM,CO,7,Incumbent,1638227.33,1345446.88,PERLMUTTER,59.12917669
REP,FL,1,Incumbent,6066373.26,4602509.17,GAETZ,64.60933688
REP,FL,2,Incumbent,672821.38,656912.88,DUNN,97.86473675
REP,FL,4,Incumbent,1025977.41,1284766.32,RUTHERFORD,61.09577376
DEM,CO,1,Incumbent,1204483.8,1080588.62,DEGETTE,73.64609474
DEM,FL,7,Incumbent,3154665.17,1828521.74,MURPHY,55.34421293
REP,FL,12,Incumbent,1609445.83,1553942.14,BILIRAKIS,62.88214329
DEM,FL,9,Incumbent,1115842.18,949960.3,SOTO,56.0294946
DEM,FL,14,Incumbent,892192.37,1209194.16,CASTOR,60.25754025
REP,FL,16,Incumbent,3643336.22,3649491.41,BUCHANAN,55.50028472
DEM,FL,12,Challenger,42802.1,33543.84,WALKER,37.11785671
DEM,FL,13,Incumbent,2799099.32,4059147.92,CRIST,53.03908895
REP,FL,14,Challenger,242249.39,241291.87,QUINN,39.74245975
REP,FL,18,Incumbent,6196669.33,5369799.76,MAST,56.32082184
DEM,IL,8,Incumbent,6411078.44,2259903.3,KRISHNAMOORTHI,73.1606816
REP,IL,18,Incumbent,3260958.75,1761973.31,LAHOOD,70.40999895
REP,IN,9,Incumbent,1180898.63,515280.47,HOLLINGSWORTH,61.84777099
REP,IN,3,Incumbent,1223958.73,791040.64,BANKS,67.83985314
DEM,MD,8,Incumbent,2111541.85,1438141.88,RASKIN,68.23309671
DEM,MD,6,Incumbent,2965203.83,2980058.01,TRONE,58.82096094
REP,MI,1,Incumbent,1985526.54,1850480.65,BERGMAN,61.64567211
DEM,MN,2,Incumbent,5676522.49,4731913.51,CRAIG,48.18097015
REP,MS,1,Incumbent,887644.57,837435.66,KELLY,68.74712661
REP,NC,13,Incumbent,2325418.77,1324658.73,BUDD,68.18189938
REP,NE,2,Incumbent,3790454.61,3755143.73,BACON,50.76863266
REP,NE,3,Incumbent,1511709.3,1153644.41,SMITH,78.51483767
REP,KY,1,Incumbent,741257.02,507694.35,COMER,74.99284562
DEM,KY,3,Incumbent,663350.52,695281.39,YARMUTH,62.66609073
REP,LA,3,Incumbent,767293.29,736218.6,HIGGINS,67.76431848
REP,LA,4,Incumbent,1323911.12,1063517.39,JOHNSON,60.42997214
DEM,MD,3,Incumbent,578602.48,692302.65,SARBANES,69.76254401
DEM,MD,4,Incumbent,1455776.69,855967.78,BROWN,79.57571877
DEM,MD,7,Incumbent,1016131.35,715393.87,MFUME,71.62701889
REP,MI,6,Incumbent,3646564.23,3494801.18,UPTON,55.80663887
REP,MI,12,Challenger,10615.92,9656.82,JONES,30.67012659
DEM,NC,4,Incumbent,1177056.64,1030190.93,PRICE,67.32999945
DEM,NJ,5,Incumbent,7799293.92,3593230.36,GOTTHEIMER,53.15294262
DEM,NV,3,Incumbent,4797552.81,4781542.68,LEE,48.75255241
DEM,NY,3,Incumbent,2960576.85,2350850.41,SUOZZI,27.35841284
REP,OH,4,Incumbent,18637124.6,13268968.45,JORDAN,67.85309499
DEM,NJ,8,Incumbent,605810.03,551324.8,SIRES,74.02763294
REP,OH,8,Incumbent,1029942.47,854734.83,DAVIDSON,68.95482939
REP,PA,11,Incumbent,1358388.43,671774.32,SMUCKER,63.1236301
DEM,OR,3,Incumbent,1828860.71,1963949.31,BLUMENAUER,73.02223564
DEM,OR,4,Incumbent,5286362.26,5884593.25,DEFAZIO,51.51751638
DEM,PA,3,Incumbent,947183.81,786062.98,EVANS,91.03013221
DEM,PA,9,Challenger,215078.64,213639.61,WEGMAN,33.66965216
REP,PA,1,Incumbent,4240717.33,4309027.55,FITZPATRICK,56.55781688
DEM,TN,9,Incumbent,608930.06,458671.14,COHEN,77.36536561
REP,TX,36,Incumbent,1359031.83,1310866.02,BABIN,73.61187775
REP,TX,8,Incumbent,3580511.92,3200482.04,BRADY,72.50928829
REP,TX,12,Incumbent,3247939.38,3358466.3,GRANGER,63.71651758
DEM,TX,15,Incumbent,1257881.45,907999.77,GONZALEZ,50.50083655
REP,TX,19,Incumbent,2535447.58,1970964.11,ARRINGTON,74.77702489
DEM,VA,3,Incumbent,875926.24,837219.09,SCOTT,68.35168634
REP,TX,34,Challenger,37118.25,37445.83,GONZALEZ,41.84462784
DEM,VA,4,Incumbent,986394.45,988770.9,MCEACHIN,61.61877627
DEM,VT,0,Incumbent,852093.62,869590.98,WELCH,64.37940739
DEM,WA,4,Challenger,61816.45,58325.87,MCKINLEY,33.6323105
DEM,WI,3,Incumbent,3003976.72,4450117.34,KIND,51.29896463
REP,WY,0,Incumbent,3010251.47,3066534.91,CHENEY,66.6894073
REP,WI,8,Incumbent,3296307.58,2935203.55,GALLAGHER,64.18109411
DEM,WA,7,Incumbent,2655142.94,1555769.06,JAYAPAL,82.98832488
DEM,WA,9,Incumbent,1327196.11,933144.97,SMITH,74.13579716
REP,AL,2,Open seat,837715.85,836276.8,MOORE,65.22273355
DEM,AZ,2,Incumbent,1898759.09,1433662.33,KIRKPATRICK,55.09586568
REP,AZ,1,Challenger,1715148.4,1655234.73,SHEDD,48.38982633
DEM,AZ,6,Challenger,6348267.98,6413897.02,TIPIRNENI,47.82728477
REP,AZ,8,Incumbent,1614574.2,996781.94,LESKO,59.56275875
DEM,AZ,9,Incumbent,2020240.34,1019971.13,STANTON,61.62646122
DEM,AZ,4,Challenger,77167.5,79757.81,DISANTO,30.22504973
DEM,AZ,5,Challenger,228587.69,225188.62,GREENE,41.10134027
DEM,AL,3,Challenger,50523.2,41221.09,WINFREY,32.4593308
DEM,CA,5,Incumbent,2230112.44,2044727.04,THOMPSON,76.09072547
DEM,CA,1,Challenger,2479555.32,2475446.47,DENNEY,43.00555737
DEM,AL,4,Challenger,48942.68,47908.58,NEIGHBORS,17.6829786
REP,CA,4,Incumbent,2076411.14,2130296.45,MCCLINTOCK,55.94540543
DEM,CA,13,Incumbent,1888202.33,1810132.05,LEE,90.36569299
DEM,CA,10,Incumbent,7540661.34,4091139.47,HARDER,55.16307761
DEM,CA,21,Incumbent,6095804.97,6094653.32,COX,49.55323071
REP,CA,10,Challenger,1582899.41,1878228.79,HOWZE,44.83692239
DEM,CA,18,Incumbent,2134402.98,2078651.76,ESHOO,63.1686615
DEM,CA,12,Incumbent,27976365.38,22681809.86,PELOSI,77.63493594
DEM,CA,14,Incumbent,944087.15,920752.1,SPEIER,79.28661985
DEM,CA,12,Challenger,1700783.12,1678374.54,BUTTAR,22.36506406
REP,CA,32,Challenger,23624.37,14247.84,SCOTT,33.4223899
DEM,CA,32,Incumbent,483426.15,256046.86,NAPOLITANO,66.5776101
REP,CA,39,Challenger,6473025.12,6070017.32,KIM,50.59761536
DEM,CA,34,Incumbent,1406325.87,1273472.46,GOMEZ,52.97984865
REP,CA,22,Incumbent,26871171.4,20201844.61,NUNES,54.22623033
DEM,CA,45,Incumbent,16901194.24,6717188.33,PORTER,53.46400314
REP,CA,41,Challenger,668055.42,667305.83,SMITH,35.96980649
DEM,CO,2,Incumbent,1368748.11,690025.28,NEGUSE,61.45971303
REP,CA,47,Challenger,65302.36,61538.47,BRISCOE,36.72812051
DEM,CA,48,Incumbent,6259589.71,6465174.21,ROUDA,48.94001519
DEM,CO,3,Challenger,5064049.2,5040013.78,BUSH,45.2162611
DEM,CO,6,Incumbent,4216908.97,2973214.66,CROW,57.0876656
DEM,CA,49,Incumbent,3904057.8,2959855.97,LEVIN,53.12957625
REP,CA,49,Challenger,3446386.04,3444349.84,MARYOTT,46.87042375
DEM,CA,50,Open seat,6429130.92,6428682.95,CAMPA-NAJJAR,46.04680041
DEM,CT,1,Incumbent,1390151.56,1336604.38,LARSON,60.99038762
DEM,CT,4,Incumbent,1632646.85,2199740.31,HIMES,62.21847659
DEM,CT,5,Incumbent,2078148.04,1605007.59,HAYES,52.5849441
REP,FL,8,Incumbent,990772.81,1127338.76,POSEY,61.35284087
REP,DE,0,Challenger,131393.78,131862.44,MURPHY,40.22200832
REP,FL,6,Incumbent,2869733.18,2036834.48,WALTZ,60.61193634
REP,FL,10,Challenger,335843.07,333214.95,FRANCOIS,36.36824948
DEM,FL,11,Challenger,62658.26,62379.69,COTTRELL,33.27783309
DEM,IA,1,Incumbent,5938111.02,5912075.08,FINKENAUER,47.49074819
DEM,FL,1,Challenger,2047923.27,1923275.26,EHR,34.01389085
REP,GA,6,Challenger,3109435.77,3156124.14,HANDEL,45.41102583
DEM,GA,6,Incumbent,8678503.63,8757258.96,MCBATH,54.58897417
DEM,GA,7,Open seat,5303913.83,5331899.54,BOURDEAUX,51.39125191
DEM,GA,10,Challenger,15057.96,12463.57,JOHNSON-GREEN,37.68992142
REP,IA,2,Challenger,2192220.49,1739952.54,MILLER-MEEKS,47.57710954
DEM,IA,3,Incumbent,6294903.05,6294921.24,AXNE,47.5691875
DEM,IA,4,Challenger,2913538.56,2929626.12,SCHOLTEN,36.0554926
REP,ID,1,Incumbent,582993.13,515964.61,FULCHER,67.76106905
DEM,ID,2,Challenger,74674.43,74268.32,SWISHER,31.72515479
DEM,IL,3,Challenger,2835512.46,2732742.44,NEWMAN,56.37872823
REP,ID,2,Incumbent,1010346.7,1101104.36,SIMPSON,64.05516529
REP,IL,9,Challenger,35364,34714.62,SANGARI,29.01779668
DEM,IL,6,Incumbent,5706347.83,5437739.31,CASTEN,52.81743904
DEM,IL,13,Challenger,5358994.51,5343867.56,LONDRIGAN,45.53706823
DEM,IL,11,Incumbent,2418560.74,1861112.75,FOSTER,63.29588746
REP,IL,14,Challenger,3297857.2,3207797.84,OBERWEIS,49.32901469
DEM,IL,14,Incumbent,7862452.21,7360376.83,UNDERWOOD,50.66899055
DEM,IL,9,Incumbent,1858402.52,1538439.42,SCHAKOWSKY,70.98220332
DEM,IN,2,Challenger,885559.08,870971.75,HACKETT,38.50613596
DEM,IN,4,Challenger,45152.53,43780.07,MACKEY,33.37636442
REP,IN,4,Incumbent,371674,233207.62,BAIRD,66.62363558
REP,FL,17,Incumbent,768470.93,629762.91,STEUBE,64.62559136
REP,IN,6,Incumbent,3160008.64,2849708.06,PENCE,68.65023628
DEM,KS,3,Incumbent,5790837.15,5320319.13,DAVIDS,53.61582582
DEM,KS,4,Challenger,276062.51,270287.67,LOMBARD,36.34753659
REP,KS,4,Incumbent,2003149.92,1429529.45,ESTES,63.65246341
DEM,IN,6,Challenger,150670.82,152897.64,LAKE,27.75727957
REP,KY,2,Incumbent,1425219.6,1579044.63,GUTHRIE,70.95885394
DEM,IN,7,Incumbent,1020534.26,882861.6,CARSON,62.43523683
DEM,KY,2,Challenger,93387.97,71121.97,LINDERMAN,26.26061671
DEM,MA,1,Incumbent,5033892.33,5957630.7,NEAL,73.88360038
REP,MA,2,Challenger,26310.78,22318.6,LOVVORN,33.55122258
DEM,MA,3,Incumbent,1716428.08,1499562.05,TRAHAN,73.90226939
DEM,LA,2,Incumbent,1630814.25,1304604.99,RICHMOND,63.61118297
DEM,LA,3,Challenger,63616.76,48015.16,ANDERSON,11.59090909
DEM,MA,7,Incumbent,2190613.26,1775675.78,PRESSLEY,81.80285586
DEM,LA,4,Challenger,18008.38,14901.61,TRUNDLE,7.767354474
DEM,FL,26,Incumbent,6886951.68,6916171.47,MUCARSEL-POWELL,48.27569098
REP,MD,1,Incumbent,1477443.1,983299.56,HARRIS,63.43508864
REP,MD,3,Challenger,7798.23,6741.99,ANTHONY,30.04158561
DEM,ME,1,Incumbent,498960.51,276671.26,PINGREE,60.4945299
DEM,ME,2,Incumbent,5382793.11,5344641.06,GOLDEN,52.05403814
REP,FL,27,Challenger,3690747.29,3682371.15,SALAZAR,51.35680443
DEM,MI,4,Challenger,41030.76,41517.22,HILLIARD,32.36533644
DEM,MI,8,Incumbent,9135389.92,7587944.33,SLOTKIN,50.87546458
DEM,FL,27,Incumbent,3922822.03,3815880.66,SHALALA,48.62103652
DEM,MI,9,Incumbent,1328806.4,919436.78,LEVIN,57.70688796
DEM,MI,10,Open seat,41438.35,41245.65,BIZON,33.71979521
REP,MN,8,Incumbent,2602490.35,2618059.12,STAUBER,56.7502559
DEM,MI,11,Incumbent,5884928.62,5815452.57,STEVENS,50.19790309
DEM,MI,13,Incumbent,4093645.42,3769568.79,TLAIB,78.07510013
DEM,MO,8,Challenger,304296.74,307255.73,ELLIS,21.36748772
DEM,MO,1,Challenger,1429836.58,1345333.87,BUSH,78.78236777
REP,MO,3,Incumbent,2026937.9,2085423.07,LUETKEMEYER,69.4408712
DEM,MT,0,Open seat,6332416.91,6362944.5,WILLIAMS,43.61364502
REP,MS,3,Incumbent,802895.66,554150.37,GUEST,64.66771587
DEM,NC,13,Challenger,194333.82,190966.87,HUFFMAN,31.81810062
DEM,NC,6,Open seat,2076278.09,1769590.44,MANNING,62.27289139
REP,ND,0,Incumbent,1273004.75,1083764.31,ARMSTRONG,68.96242386
DEM,NC,5,Challenger,61596.06,60667.5,BROWN,31.10911526
REP,NH,2,Challenger,448759.42,459541.62,NEGRON,43.70291972
DEM,NE,2,Challenger,4524583.42,4578198.75,EASTMAN,46.20877132
DEM,NH,1,Incumbent,3222282.25,3122213.85,PAPPAS,51.31669915
DEM,NJ,7,Incumbent,7494242.57,7503596.87,MALINOWSKI,50.61194109
DEM,NJ,3,Incumbent,7358014.54,6869993.74,KIM,53.23303116
DEM,NM,1,Incumbent,2274489.29,1903520.46,HAALAND,27.02683558
DEM,NJ,11,Incumbent,6494469.85,3807868.3,SHERRILL,53.30367019
REP,NJ,4,Incumbent,1386941.44,1288378.48,SMITH,59.87798326
DEM,NY,11,Incumbent,9323126.22,9537934.79,ROSE,44.6738189
DEM,NV,1,Incumbent,708252.89,589979.09,TITUS,61.76521977
REP,NY,1,Incumbent,8429429.05,8282563.49,ZELDIN,25.41088949
DEM,NY,14,Incumbent,21240308.71,17310936.07,OCASIO-CORTEZ,68.27079169
REP,NM,2,Challenger,2868121.64,2984195.58,HERRELL,22.82425788
DEM,NY,19,Incumbent,6020522.04,3034333.02,DELGADO,45.42818809
DEM,NY,5,Incumbent,2126017.21,1495899.66,MEEKS,82.44605248
DEM,NY,27,Challenger,1146889,1135150.12,MCMURRAY,34.35110286
REP,OH,1,Incumbent,3204552.27,2888368.93,CHABOT,51.79542417
REP,OH,5,Incumbent,1594841.86,1490979.38,LATTA,67.99786233
DEM,OH,16,Challenger,60294.39,60429.54,GODFREY,36.80858239
REP,OH,13,Challenger,871622.95,830559.7,HAGAN,44.9357771
REP,OH,16,Incumbent,2393596.6,1895208.47,GONZALEZ,63.19141761
REP,OK,1,Incumbent,1423804.46,1160066.41,HERN,63.70148239
DEM,OK,5,Incumbent,5980141.93,5976536.82,HORN,47.93762691
DEM,PA,6,Incumbent,3577000.89,1419800.16,HOULAHAN,56.05422239
DEM,NY,20,Incumbent,1547275.17,1424284.83,TONKO,52.54079898
DEM,NY,21,Challenger,5693662.64,5700135.97,COBB,37.57616126
DEM,NY,22,Incumbent,6149102.8,5901341.91,BRINDISI,42.53264251
DEM,NY,23,Challenger,1548077.87,1563883.63,MITRANO,35.81994661
DEM,NY,24,Challenger,3272252.49,3290591.1,BALTER,41.92605761
DEM,NY,25,Incumbent,1417964.85,1317024.89,MORELLE,51.0383067
DEM,OH,8,Challenger,40403.33,37679.42,ENOCH,31.01325188
DEM,OH,11,Incumbent,782503,526535.21,FUDGE,80.05330318
REP,OH,12,Incumbent,2020933.71,1999772.89,BALDERSON,55.24456671
REP,OH,15,Incumbent,3017019.07,2305320.33,STIVERS,63.41359711
DEM,OR,5,Incumbent,2034595.25,1937976.57,SCHRADER,51.88668408
REP,PA,13,Incumbent,1136433.6,477893.24,JOYCE,73.48744927
DEM,PA,7,Incumbent,4644289.9,4591501.23,WILD,51.86636666
DEM,PA,17,Incumbent,4116059.9,3528796.6,LAMB,51.14708299
REP,PA,14,Incumbent,2264455.66,1594661.35,RESCHENTHALER,64.69459263
REP,SD,0,Incumbent,1694504.29,700356.1,JOHNSON,80.95501493
REP,TN,2,Incumbent,1347006.19,889218.07,BURCHETT,67.64128801
DEM,PA,5,Incumbent,1479735.15,1374969.35,SCANLON,64.69674547
REP,PA,9,Incumbent,1073555.31,945604.02,MEUSER,66.33034784
DEM,SC,1,Incumbent,7085878.98,7138095.12,CUNNINGHAM,49.31434686
REP,SC,5,Incumbent,1041650.45,910151.33,NORMAN,60.06858553
REP,TN,7,Incumbent,1284960.47,1025486.67,GREEN,69.92684701
REP,TN,9,Challenger,102449.89,103835.11,BERGMANN,20.09963768
DEM,TN,2,Challenger,815388.01,819397.3,HOYOS,31.05462391
DEM,TN,4,Challenger,315755.75,310020.83,HALE,33.33472342
REP,TN,6,Incumbent,1582985.81,1158244.39,ROSE,73.68083804
REP,TX,2,Incumbent,19485631.71,17654095.49,CRENSHAW,55.613943
DEM,TX,7,Incumbent,6405639.24,6386609.67,FLETCHER,50.78519698
REP,TX,3,Incumbent,3107848.12,3277899.3,TAYLOR,55.0685514
DEM,TX,10,Challenger,2942987.88,2932841.7,SIEGEL,45.34639304
DEM,TX,14,Challenger,248995.11,245174.73,BELL,38.35918671
DEM,TX,16,Incumbent,1137105.39,1089249.97,ESCOBAR,64.72026004
REP,TX,5,Incumbent,1610327.03,1311982.56,GOODEN,61.99284627
REP,TX,6,Incumbent,923531.7,919091.38,WRIGHT,52.79741876
DEM,TX,17,Open seat,216825.56,218253.3,KENNEDY,40.91757828
DEM,TX,23,Open seat,6918062.11,7005280.05,JONES,46.60339745
DEM,TX,25,Challenger,2228218.18,2214190.51,OLIVER,42.10605225
REP,TX,21,Incumbent,5098026.87,4771749.89,ROY,51.95371901
REP,TX,20,Challenger,263293.31,240930.37,GARZA,33.10690263
REP,TX,27,Incumbent,1019271.64,834592.18,CLOUD,63.05694722
DEM,TX,29,Incumbent,856155.61,795553,GARCIA,71.13367801
DEM,TX,32,Incumbent,5777600.05,5721622.7,ALLRED,51.94901175
DEM,VA,2,Incumbent,6691506.61,6556703.99,LURIA,51.55283296
REP,VA,6,Incumbent,900313.05,680286.14,CLINE,64.58816227
DEM,VA,7,Incumbent,8494947.77,7959480.65,SPANBERGER,50.81954224
DEM,VA,10,Incumbent,3984992.26,1901911.61,WEXTON,56.51062148
DEM,VA,11,Incumbent,2019757.38,1832941.47,CONNOLLY,71.38752063
REP,WI,1,Incumbent,3521992.26,3172844.5,STEIL,59.3076858
REP,WI,2,Challenger,47898.2,46122.41,THERON,30.25032535
DEM,WI,5,Open seat,370492.34,371899.41,PALZEWICZ,39.83297064
REP,WV,3,Incumbent,912210.75,763796.42,MILLER,71.28708066
DEM,TX,22,Open seat,5781704.79,5772741.67,KULKARNI,44.60210563
REP,UT,3,Incumbent,905501.13,718455.03,CURTIS,68.72539541
DEM,UT,4,Incumbent,5638024.49,5580074.1,MCADAMS,46.69736947
REP,VA,1,Incumbent,2019992.07,2190582.01,WITTMAN,58.14966375
DEM,WA,3,Challenger,4187790.7,4199935.7,LONG,43.39451978
DEM,WA,8,Incumbent,5452642.06,3804548.53,SCHRIER,51.7148251